"imageCSV_only.i.","div","plateID","rowID","colID","density","uniqueCells.k.","avgRelTurnAngle","avgAbsRelTurnAngle","avgSegLen","totLen","degree","numNeurites","avgTort","totCPs","avgCPs"
"asl-rhin-CB2-20_0000_tracings.csv",0.5,"C","B",2,10000,"2",32.2132985508132,32.2132985508132,5.41487446578309,10.8297489315662,3,3,1.02019222936552,1,1
"asl-rhin-CB2-20_0001_tracings.csv",0.5,"C","B",2,10000,"1",-22.8590527540528,22.8590527540528,8.07985720448092,56.5590004313664,3,3,1.03656199927643,4,1.33333333333333
"asl-rhin-CB2-20_0002_tracings.csv",0.5,"C","B",2,10000,"1",-22.2931544200123,22.964758514219,10.1774503919859,71.2421527439016,3,3,1.09942555273788,4,1.33333333333333
"asl-rhin-CB2-20_0003_tracings.csv",0.5,"C","B",2,10000,"1",0,24.5671713206013,7.25277710098883,21.7583313029665,1,1,1.02871475627509,2,2
"asl-rhin-CB2-20_0003_tracings.csv",0.5,"C","B",2,10000,"3",2.43603147863045,20.1541311498762,8.75218393312536,26.256551799376,2,2,1.01473251846003,2,2
"asl-rhin-CB2-20_0003_tracings.csv",0.5,"C","B",2,10000,"2",-18.9993662212524,18.9993662212524,7.55494837617775,22.6648451285332,1,1,1.07831516301741,2,2
"asl-rhin-CB2-20_0003_tracings.csv",0.5,"C","B",2,10000,"4",24.486680931716,24.486680931716,5.34910882036748,10.698217640735,2,2,1.02011777322247,1,1
"asl-rhin-CB2-20_0004_tracings.csv",0.5,"C","B",2,10000,"2",-16.8184285745219,24.6979540725818,7.10080266064127,49.7056186244889,4,4,1.04551091286127,4,1.33333333333333
"asl-rhin-CB2-20_0005_tracings.csv",0.5,"C","B",2,10000,"1",-13.3550407935004,20.2249384393444,6.75042320833316,33.7521160416658,2,2,1.03639972959494,3,1.5
"asl-rhin-CB2-20_0006_tracings.csv",0.5,"C","B",2,10000,"1",2.57254534589235,51.51773157493,7.38218842933287,29.5287537173315,2,2,1.14433789088763,2,1
"asl-rhin-CB2-20_0006_tracings.csv",0.5,"C","B",2,10000,"2",1.50748471546734,11.4238656795579,7.09973286269381,28.3989314507752,2,2,1.02440805425422,3,3
"asl-rhin-CB2-40_0001_tracings.csv",0.5,"C","B",2,10000,"1",-2.64504060268565,11.3912028652409,3.78781776864355,15.1512710745742,2,2,1.00623237166886,2,1
"asl-rhin-CB2-40_0002_tracings.csv",0.5,"C","B",2,10000,"1",-4.99987323315934,4.99987323315934,6.29120886295167,18.873626588855,1,1,1.00861847001615,2,2
"asl-rhin-CB2-40_0002_tracings.csv",0.5,"C","B",2,10000,"2",19.2140507759633,24.7441442085181,4.51813225326457,18.0725290130583,1,1,1.10840034525907,3,3
"asl-rhin-CB2-40_0003_tracings.csv",0.5,"C","B",2,10000,"1",-19.9439375479213,19.9439375479213,4.99832382917528,29.9899429750517,3,3,1.03791381021094,4,2
"asl-rhin-CB2-40_0004_tracings.csv",0.5,"C","B",2,10000,"1",-26.1577626521981,26.1577626521981,5.48533026800283,16.4559908040085,1,1,1.12070971854885,2,2
"asl-rhin-CB2-40_0005_tracings.csv",0.5,"C","B",2,10000,"1",-35.782525588539,35.782525588539,5.04868285612835,15.1460485683851,1,1,1.06255075726895,2,2
"asl-rhin-CB2-40_0005_tracings.csv",0.5,"C","B",2,10000,"2",59.3493320429471,59.3493320429471,2.67935711795448,5.35871423590896,1,1,1.17367820816028,1,1
"asl-rhin-CD2-20_0000_tracings.csv",0.5,"C","D",2,10000,"1",-10.4374753511182,10.4374753511182,10.4102871995771,20.8205743991543,1,1,1.01262694376317,1,1
"asl-rhin-CD2-20_0002_tracings.csv",0.5,"C","D",2,10000,"1",-1.15874061710758,25.2543915912114,10.2510414441715,82.0083315533722,2,2,1.13141154702097,6,3
"asl-rhin-CD2-20_0002_tracings.csv",0.5,"C","D",2,10000,"2",-11.9821088475939,11.9821088475939,9.8314972952169,19.6629945904338,1,1,1.0498663867987,1,1
"asl-rhin-CD2-20_0002_tracings.csv",0.5,"C","D",2,10000,"3",-8.74616226255521,8.74616226255521,6.83449866190359,13.6689973238072,1,1,1.00330846246559,1,1
"asl-rhin-CD2-20_0003_tracings.csv",0.5,"C","D",2,10000,"1",-4.79203404693194,4.79203404693194,10.6860568871489,21.3721137742979,3,3,1.02555195121653,1,1
"asl-rhin-CD2-20_0003_tracings.csv",0.5,"C","D",2,10000,"2",-21.3518524954863,21.3518524954863,8.69242741777376,17.3848548355475,4,4,1.05037355796952,1,1
"asl-rhin-CD2-40_0000_tracings.csv",0.5,"C","D",2,10000,"1",-0.47053060563954,22.0802464514202,4.10656027597024,28.7459219317917,2,2,1.06394288231907,5,2.5
"asl-rhin-CD2-40_0000_tracings.csv",0.5,"C","D",2,10000,"2",-11.6672836978484,21.1087710806335,4.38295056556437,26.2977033933862,2,2,1.02063287143098,4,2
"asl-rhin-CD2-40_0001_tracings.csv",0.5,"C","D",2,10000,"1",8.62072969947,21.7547520058663,5.18215188430412,15.5464556529124,1,1,1.03192989515109,2,2
"asl-rhin-CD2-40_0001_tracings.csv",0.5,"C","D",2,10000,"2",2.39287698575082,28.0077340357333,4.87943884909764,43.9149496418788,4,4,1.07686190483883,6,2
"asl-rhin-CD2-40_0002_tracings.csv",0.5,"C","D",2,10000,"1",-12.7829679916454,25.3419236969659,5.05129259114442,20.2051703645777,1,1,1.10523155652216,3,3
"asl-rhin-CD2-40_0003_tracings.csv",0.5,"C","D",2,10000,"1",9.1966092368864,9.1966092368864,7.23177249138909,21.6953174741673,1,1,1.04420614590726,2,2
"asl-rhin-CD2-40_0004_tracings.csv",0.5,"C","D",2,10000,"1",-11.2558917130462,21.0827602412867,5.95141334949675,41.6598934464772,2,2,1.03386318242049,5,2.5
"asl-rhin-CB2-20_0001_tracings.csv",1.5,"C","B",2,10000,"3",-13.0670757949112,13.0670757949112,7.83512308887754,15.6702461777551,1,1,1.00809680835029,1,1
"asl-rhin-CB2-20_0001_tracings.csv",1.5,"C","B",2,10000,"1",-18.7026783157043,18.7026783157043,6.02235516760511,24.0894206704204,3,3,1.01996658033931,2,1
"asl-rhin-CB2-20_0001_tracings.csv",1.5,"C","B",2,10000,"2",-7.74107625730103,7.74107625730103,12.2767330210139,24.5534660420278,1,1,1.01131583989902,1,1
"asl-rhin-CB2-20_0002_tracings.csv",1.5,"C","B",2,10000,"3",12.0163780098412,20.9649107321018,11.5954990313876,57.977495156938,2,2,1.04572185366956,3,1.5
"asl-rhin-CB2-20_0002_tracings.csv",1.5,"C","B",2,10000,"4",0.31371606595455,3.57419349487852,12.1097457100049,48.4389828400195,2,2,1.00602050341175,2,1
"asl-rhin-CB2-20_0003_tracings.csv",1.5,"C","B",2,10000,"5",-4.98536883844039,4.98536883844039,8.87748737755318,17.7549747551064,6,6,1.00510241173958,1,1
"asl-rhin-CB2-20_0003_tracings.csv",1.5,"C","B",2,10000,"3",-17.8213485546542,17.8213485546542,16.0789651538192,64.3158606152768,2,2,1.02280020385197,3,3
"asl-rhin-CB2-20_0003_tracings.csv",1.5,"C","B",2,10000,"4",-10.8583863243455,22.3136431257638,7.63391478721535,61.0713182977228,5,5,1.03721512506814,4,1
"asl-rhin-CB2-20_0003_tracings.csv",1.5,"C","B",2,10000,"2",7.52860695008184,23.2711570934545,11.7062464891646,105.356218402481,3,3,1.03199504433666,6,2
"asl-rhin-CB2-20_0003_tracings.csv",1.5,"C","B",2,10000,"1",-8.63517972719264,27.7231185632762,9.60937771656425,153.750043465028,9,9,1.04841676598827,10,1.66666666666667
"asl-rhin-CB2-20_0003_tracings.csv",1.5,"C","B",2,10000,"6",-25.0730834613114,25.0730834613114,7.66683295912772,46.0009977547664,4,4,1.0326273227059,3,1
"asl-rhin-CB2-20_0004_tracings.csv",1.5,"C","B",2,10000,"1",-7.41596472427523,13.3696348419239,9.28362451754802,139.25436776322,7,4,1.0566984160098,9,1.5
"asl-rhin-CB2-20_0004_tracings.csv",1.5,"C","B",2,10000,"2",-4.13512795177955,20.4264318104588,7.0721559935931,77.7937159295242,5,2,1.06979096518229,7,1.75
"asl-rhin-CB2-20_0004_tracings.csv",1.5,"C","B",2,10000,"4",-7.64546801126515,27.2862066587953,8.69840126146336,26.0952037843901,1,1,1.05043018964242,2,2
"asl-rhin-CB2-20_0004_tracings.csv",1.5,"C","B",2,10000,"3",-8.24261629751447,23.4711465263174,8.06513542570552,96.7816251084663,4,4,1.04945015641328,8,2
"asl-rhin-CB2-20_0004_tracings.csv",1.5,"C","B",2,10000,"6",-30.451523144126,30.451523144126,8.32953642867883,16.6590728573577,1,1,1.05410220131721,1,1
"asl-rhin-CB2-20_0005_tracings.csv",1.5,"C","B",2,10000,"2",2.91807885733069,15.2522565800651,10.2404607620603,102.404607620603,3,3,1.04045166544746,7,2.33333333333333
"asl-rhin-CB2-20_0005_tracings.csv",1.5,"C","B",2,10000,"4",25.3834112117741,25.3834112117741,6.93093889583119,13.8618777916624,4,4,1.01887836382071,1,1
"asl-rhin-CB2-20_0005_tracings.csv",1.5,"C","B",2,10000,"1",-7.05556236714586,21.1576268507271,8.13433414864096,89.4776756350506,7,7,1.04673561481147,7,1.75
"asl-rhin-CB2-20_0005_tracings.csv",1.5,"C","B",2,10000,"3",-3.51603671526893,28.5279273146177,6.59006281097226,46.1304396768059,3,3,1.03682542152825,4,1.33333333333333
"asl-rhin-CB2-20_0005_tracings.csv",1.5,"C","B",2,10000,"6",-9.29834808707454,26.4067458972651,12.1514963133321,72.9089778799929,4,4,1.02632055947149,5,5
"asl-rhin-CB2-20_0005_tracings.csv",1.5,"C","B",2,10000,"5",4.35174907459887,29.3271509490843,10.1781904105375,40.7127616421499,1,1,1.09815750238975,3,3
"asl-rhin-CB2-20_0006_tracings.csv",1.5,"C","B",2,10000,"2",3.92929611517939,3.92929611517939,11.7101942792714,23.4203885585427,1,1,1.01653790771137,1,1
"asl-rhin-CB2-20_0006_tracings.csv",1.5,"C","B",2,10000,"3",-16.7717929008071,26.6609828529374,9.33069268225972,46.6534634112986,1,1,1.12095995807174,4,4
"asl-rhin-CB2-20_0006_tracings.csv",1.5,"C","B",2,10000,"1",0.172057329133601,24.5604660488975,12.342873005865,37.0286190175949,1,1,1.04897259358372,2,2
"asl-rhin-CB2-20_0008_tracings.csv",1.5,"C","B",2,10000,"1",-11.5770568009961,11.5770568009961,8.57791237746278,42.8895618873138,3,3,1.02649527657497,3,1.5
"asl-rhin-CB2-20_0008_tracings.csv",1.5,"C","B",2,10000,"2",-5.20069263705233,19.2623102017071,8.45397072282158,76.0857365053943,5,5,1.02855046601339,6,2
"asl-rhin-CB2-40_0000_tracings.csv",1.5,"C","B",2,10000,"2",-31.4462359022683,31.4462359022683,4.80733254291183,9.61466508582367,1,1,1.04333389650954,1,1
"asl-rhin-CB2-40_0000_tracings.csv",1.5,"C","B",2,10000,"3",-0.77280034701043,13.6645256786046,4.90737905135552,19.6295162054221,1,1,1.04172193566713,3,3
"asl-rhin-CB2-40_0000_tracings.csv",1.5,"C","B",2,10000,"1",4.49857776026528,21.1656706647241,4.7897246909207,19.1588987636828,1,1,1.05067319968905,3,3
"asl-rhin-CB2-40_0001_tracings.csv",1.5,"C","B",2,10000,"3",-4.88206771421942,23.3242461612199,5.28174285994796,132.043571498699,6,4,1.05079628857687,19,3.16666666666667
"asl-rhin-CB2-40_0001_tracings.csv",1.5,"C","B",2,10000,"1",-5.42961924449995,20.8642695294473,5.40578063938448,64.8693676726136,4,3,1.05250727824376,8,2
"asl-rhin-CB2-40_0001_tracings.csv",1.5,"C","B",2,10000,"2",13.1707503651561,13.1707503651561,4.95647959079507,9.91295918159015,1,1,1.03105098079504,1,1
"asl-rhin-CB2-40_0002_tracings.csv",1.5,"C","B",2,10000,"1",-0.00266761414822536,21.3098516279711,3.6868480686595,22.121088411957,3,3,1.0249765684048,4,2
"asl-rhin-CB2-40_0003_tracings.csv",1.5,"C","B",2,10000,"1",-0.765921918055745,17.3330029302086,5.57013075062534,50.131176755628,3,2,1.04320571737566,7,3.5
"asl-rhin-CB2-40_0003_tracings.csv",1.5,"C","B",2,10000,"2",5.95628527541871,23.6395185758008,7.15507998329909,50.0855598830937,2,2,1.03941023148829,5,2.5
"asl-rhin-CB2-40_0003_tracings.csv",1.5,"C","B",2,10000,"3",11.6703473434995,28.5984915524877,4.56372747707943,22.8186373853972,1,1,1.13232383846443,4,4
"asl-rhin-CB2-40_0003_tracings.csv",1.5,"C","B",2,10000,"4",1.34474588604875,14.9132720776587,6.21851806958543,55.9666626262689,1,1,1.0256154772875,8,8
"asl-rhin-CB2-40_0005_tracings.csv",1.5,"C","B",2,10000,"1",-3.45162847788556,23.0618791286836,5.60090540070837,50.4081486063754,1,1,1.10473916118798,8,8
"asl-rhin-CB2-40_0005_tracings.csv",1.5,"C","B",2,10000,"2",-11.9893945170969,20.1947383953822,5.68638590290432,22.7455436116172,1,1,1.03246128467543,3,3
"asl-rhin-CB2-40_0005_tracings.csv",1.5,"C","B",2,10000,"4",0.4695954728678,11.779527946888,5.86626751652816,17.5988025495845,1,1,1.0029486889432,2,2
"asl-rhin-CB2-40_0005_tracings.csv",1.5,"C","B",2,10000,"3",-8.85532665321523,8.85532665321523,4.50144652326486,9.00289304652972,1,1,1.00562795682992,1,1
"asl-rhin-CB2-40_0006_tracings.csv",1.5,"C","B",2,10000,"1",-4.64505715573378,22.0315639337907,4.95844461635455,233.046896968664,14,13,1.03889185733369,34,2.61538461538462
"asl-rhin-CD2-20_0000_tracings.csv",1.5,"C","D",2,10000,"1",12.7429965413463,12.7429965413463,8.76196008894885,17.5239201778977,1,1,1.01421170823302,1,1
"asl-rhin-CD2-20_0001_tracings.csv",1.5,"C","D",2,10000,"2",3.25294251682043,3.25294251682043,14.8285682983964,29.6571365967927,1,1,1.0172745407607,1,1
"asl-rhin-CD2-20_0001_tracings.csv",1.5,"C","D",2,10000,"4",5.7405024333634,46.6453733833038,9.59858287422142,38.3943314968857,1,1,1.1647376560946,3,3
"asl-rhin-CD2-20_0001_tracings.csv",1.5,"C","D",2,10000,"3",16.8151999911593,16.8151999911593,8.95570065276626,35.822802611065,2,2,1.03245618856548,2,1
"asl-rhin-CD2-20_0001_tracings.csv",1.5,"C","D",2,10000,"5",11.2300225086599,30.2139415309728,6.30218213983955,25.2087285593582,1,1,1.09661127680824,3,3
"asl-rhin-CD2-20_0002_tracings.csv",1.5,"C","D",2,10000,"2",-0.681862558864402,17.6635141102782,10.5592469563455,73.9147286944184,3,3,1.04306394242951,4,1.33333333333333
"asl-rhin-CD2-20_0002_tracings.csv",1.5,"C","D",2,10000,"1",-22.7991837936487,22.7991837936487,7.1448358620863,21.4345075862589,3,3,1.03571663003998,2,2
"asl-rhin-CD2-20_0003_tracings.csv",1.5,"C","D",2,10000,"1",2.75971597978787,22.9969473532754,10.893289960478,152.506059446692,2,1,1.07280377621355,12,6
"asl-rhin-CD2-20_0003_tracings.csv",1.5,"C","D",2,10000,"2",28.1181598483365,28.1181598483365,7.60997299628167,30.4398919851266,4,4,1.02683251926403,2,1
"asl-rhin-CD2-20_0004_tracings.csv",1.5,"C","D",2,10000,"2",-11.9184174419161,30.6619348720698,7.68891827040141,107.64485578562,3,3,1.11317510395736,11,3.66666666666667
"asl-rhin-CD2-20_0004_tracings.csv",1.5,"C","D",2,10000,"3",1.1230242336431,30.3037590456033,7.13130373112313,57.0504298489849,5,4,1.04083003152262,4,1
"asl-rhin-CD2-20_0004_tracings.csv",1.5,"C","D",2,10000,"1",-11.9856684076868,32.979995314208,8.93100545211542,116.1030708775,5,2,1.26775830152024,11,5.5
"asl-rhin-CD2-20_0006_tracings.csv",1.5,"C","D",2,10000,"1",-8.40630763098833,21.9601306511117,10.7587476646047,43.0349906584187,1,1,1.02564574813597,3,3
"asl-rhin-CD2-20_0006_tracings.csv",1.5,"C","D",2,10000,"2",-2.1005877496044,24.0430601188293,9.08744098776126,99.9618508653738,2,2,1.02754586416376,9,4.5
"asl-rhin-CD2-20_0006_tracings.csv",1.5,"C","D",2,10000,"3",-26.9937490995077,26.9937490995077,6.97151157501885,27.8860463000754,5,4,1.02804764178053,2,1
"asl-rhin-CD2-20_0006_tracings.csv",1.5,"C","D",2,10000,"7",-73.1549662370101,73.1549662370101,13.0574600252119,39.1723800756358,1,1,1.49577018851416,2,2
"asl-rhin-CD2-20_0006_tracings.csv",1.5,"C","D",2,10000,"6",18.7344759349005,18.7344759349005,5.65270763237078,11.3054152647416,1,1,1.01807806635421,1,1
"asl-rhin-CD2-20_0006_tracings.csv",1.5,"C","D",2,10000,"8",-1.4609047826704,27.3288791266656,9.54904250589548,38.1961700235819,1,1,1.06142053634456,3,3
"asl-rhin-CD2-20_0006_tracings.csv",1.5,"C","D",2,10000,"9",16.007235388129,16.007235388129,19.0838079991507,38.1676159983015,1,1,1.0235104597802,1,1
"asl-rhin-CD2-20_0006_tracings.csv",1.5,"C","D",2,10000,"5",-10.713123022791,10.713123022791,12.1009474787687,24.2018949575374,2,2,1.01073895540485,1,1
"asl-rhin-CD2-20_0007_tracings.csv",1.5,"C","D",2,10000,"2",8.1479849268055,19.314827930156,8.25940779187457,33.0376311674982,1,1,1.0177208549473,3,3
"asl-rhin-CD2-20_0007_tracings.csv",1.5,"C","D",2,10000,"3",-0.62722581134075,21.3881906847616,8.55815621591986,25.6744686477595,2,2,1.02147436767259,2,2
"asl-rhin-CD2-40_0000_tracings.csv",1.5,"C","D",2,10000,"2",-10.3861273410229,10.3861273410229,4.89068680230667,14.67206040692,2,1,1.01491238423436,2,2
"asl-rhin-CD2-40_0000_tracings.csv",1.5,"C","D",2,10000,"1",1.41453621681193,19.5556989766794,6.0462688660356,157.202990516925,6,5,1.03263801607747,20,3.33333333333333
"asl-rhin-CD2-40_0001_tracings.csv",1.5,"C","D",2,10000,"2",-8.10403055135802,15.8368940559074,6.53456549887047,45.7419584920933,1,1,1.05062477767895,6,6
"asl-rhin-CD2-40_0001_tracings.csv",1.5,"C","D",2,10000,"3",6.654977596967,8.82187928783627,8.21503941797827,49.2902365078697,1,1,1.0292901803501,5,5
"asl-rhin-CD2-40_0001_tracings.csv",1.5,"C","D",2,10000,"4",-1.49010735991274,20.402359253322,7.34517840590327,51.4162488413228,2,2,1.04208917306816,5,2.5
"asl-rhin-CD2-40_0001_tracings.csv",1.5,"C","D",2,10000,"1",5.944329019814,21.2259367545088,4.83197469781663,14.4959240934499,1,1,1.03641323578375,2,2
"asl-rhin-CD2-40_0002_tracings.csv",1.5,"C","D",2,10000,"1",-3.9048480346777,25.7796497944163,5.48091089073533,27.4045544536767,1,1,1.04519153517479,4,4
"asl-rhin-CD2-40_0003_tracings.csv",1.5,"C","D",2,10000,"1",-13.25656619245,13.25656619245,6.66496083259622,33.324804162981,2,2,1.02552326895039,3,1.5
"asl-rhin-CD2-40_0003_tracings.csv",1.5,"C","D",2,10000,"2",20.0151296359448,20.0151296359448,6.2105928763935,18.6317786291805,1,1,1.0202675282857,2,2
"asl-rhin-CD2-40_0003_tracings.csv",1.5,"C","D",2,10000,"3",1.35921839745685,21.9452599963342,4.30013907677513,103.203337842603,4,3,1.15637658373196,20,5
"asl-rhin-CD2-40_0004_tracings.csv",1.5,"C","D",2,10000,"1",-0.656345688682311,23.2759750701341,5.41773846746392,119.190246284206,3,3,1.10911276897016,19,6.33333333333333
"asl-rhin-CD2-40_0004_tracings.csv",1.5,"C","D",2,10000,"2",7.857818081875,18.9034466450264,5.91863114388753,23.6745245755501,1,1,1.02954375268424,3,3
"asl-rhin-CD2-40_0004_tracings.csv",1.5,"C","D",2,10000,"3",-8.67423501189486,28.5805489797576,5.06067962404444,30.3640777442666,1,1,1.06933197817008,5,5
"asl-rhin-CD2-40_0005_tracings.csv",1.5,"C","D",2,10000,"2",-1.37013734394159,21.1491744942155,5.2509748348818,110.270471532518,6,5,1.03660219629428,15,2.5
"asl-rhin-CD2-40_0005_tracings.csv",1.5,"C","D",2,10000,"1",-35.3098310363068,35.3098310363068,4.59946991144956,13.7984097343487,1,1,1.10492491467569,2,2
"asl-rhin-CB2-20_0000_tracings.csv",4,"C","B",2,10000,"5",-6.84435494918359,18.7528760493442,11.0194492564458,176.311188103132,5,4,1.02786000425352,12,3
"asl-rhin-CB2-20_0000_tracings.csv",4,"C","B",2,10000,"4",8.13893307152736,8.13893307152736,12.96397277742,51.85589110968,1,1,1.02762796630131,3,3
"asl-rhin-CB2-20_0000_tracings.csv",4,"C","B",2,10000,"8",2.32808365671841,14.2999832900653,9.61494992816348,86.5345493534713,2,2,1.0436209228065,8,8
"asl-rhin-CB2-20_0000_tracings.csv",4,"C","B",2,10000,"12",1.8510837228231,19.1574509683867,12.0016937337847,132.018631071631,1,1,1.05372285941277,10,10
"asl-rhin-CB2-20_0000_tracings.csv",4,"C","B",2,10000,"10",0.303843285637277,34.0132188564537,9.42537151685272,65.9776006179691,2,2,1.09719823286082,5,2.5
"asl-rhin-CB2-20_0000_tracings.csv",4,"C","B",2,10000,"2",1.05271467920219,25.5596954507234,10.2697518680171,215.664789228358,4,4,1.12873993356651,17,4.25
"asl-rhin-CB2-20_0000_tracings.csv",4,"C","B",2,10000,"9",8.3337279873981,24.543687944328,9.37048948977344,37.4819579590937,2,2,1.03324281660463,2,1
"asl-rhin-CB2-20_0000_tracings.csv",4,"C","B",2,10000,"11",1.45504215892855,20.6999275669337,15.6215159591565,218.701223428191,3,2,1.04466802761904,11,3.66666666666667
"asl-rhin-CB2-20_0000_tracings.csv",4,"C","B",2,10000,"19",-4.34527351164339,23.1340147520375,11.2427751355555,179.884402168889,3,3,1.04459489249308,13,4.33333333333333
"asl-rhin-CB2-20_0000_tracings.csv",4,"C","B",2,10000,"20",3.73741773337805,22.4067718104003,10.8561026481793,227.978155611764,5,5,1.12750852892909,18,6
"asl-rhin-CB2-20_0000_tracings.csv",4,"C","B",2,10000,"21",0.4531677722648,29.8354770270929,9.84913652854396,177.284457513791,3,3,1.08534899035271,15,5
"asl-rhin-CB2-20_0000_tracings.csv",4,"C","B",2,10000,"22",-2.05872810829275,22.150361178257,10.3299131976399,216.928177150437,4,4,1.05149799196078,17,4.25
"asl-rhin-CB2-20_0000_tracings.csv",4,"C","B",2,10000,"23",-5.88498770095771,32.1850396018222,8.51033017869351,102.123962144322,1,1,1.16146489638948,11,11
"asl-rhin-CB2-20_0000_tracings.csv",4,"C","B",2,10000,"24",-14.5342729909012,14.5342729909012,16.6145466892609,66.4581867570436,1,1,1.02181041641096,3,3
"asl-rhin-CB2-20_0000_tracings.csv",4,"C","B",2,10000,"25",-2.31142540194926,25.0853457721913,9.52630470659473,180.9997894253,7,7,1.02837220596167,16,5.33333333333333
"asl-rhin-CB2-20_0000_tracings.csv",4,"C","B",2,10000,"6",-0.107735021742918,16.6817943035386,12.1411710599133,400.65864497714,7,5,1.025632480755,26,3.71428571428571
"asl-rhin-CB2-20_0000_tracings.csv",4,"C","B",2,10000,"16",1.14349069070869,21.4010822546055,11.4470060115694,251.834132254527,3,3,1.05339636299764,19,6.33333333333333
"asl-rhin-CB2-20_0000_tracings.csv",4,"C","B",2,10000,"3",-4.6408971563767,20.2563105751942,12.0429766663881,156.558696663046,1,1,1.05510824075755,12,12
"asl-rhin-CB2-20_0000_tracings.csv",4,"C","B",2,10000,"14",4.15433346241825,19.5866365104155,8.40112667507896,134.418026801263,5,3,1.03428855194153,11,2.2
"asl-rhin-CB2-20_0000_tracings.csv",4,"C","B",2,10000,"15",6.25461895596602,6.25461895596602,9.98176980667612,19.9635396133522,2,2,1.01706768462269,1,1
"asl-rhin-CB2-20_0000_tracings.csv",4,"C","B",2,10000,"17",-4.54840584460753,22.0430071322567,9.03470716906161,99.3817788596776,4,4,1.04470141344279,8,2.66666666666667
"asl-rhin-CB2-20_0000_tracings.csv",4,"C","B",2,10000,"18",-27.6237849002808,27.6237849002808,15.3541527818754,30.7083055637508,1,1,1.04532122845379,1,1
"asl-rhin-CB2-20_0001_tracings.csv",4,"C","B",2,10000,"9",4.93270811809293,19.1688513682422,10.8009755041897,172.815608067036,6,5,1.04276336726598,12,3
"asl-rhin-CB2-20_0001_tracings.csv",4,"C","B",2,10000,"16",-1.94375327085065,26.8226949185209,8.85911674617211,106.309400954065,4,4,1.04165588810803,10,5
"asl-rhin-CB2-20_0001_tracings.csv",4,"C","B",2,10000,"18",-18.1224985802593,18.1224985802593,6.84672277605422,20.5401683281627,1,1,1.02865796520068,2,2
"asl-rhin-CB2-20_0001_tracings.csv",4,"C","B",2,10000,"15",-12.6844820745486,32.2459728325892,13.5399727418107,176.019645643539,4,4,1.06010720216313,11,5.5
"asl-rhin-CB2-20_0001_tracings.csv",4,"C","B",2,10000,"20",-1.82432129885999,20.6589867526986,10.3708918695769,134.821594304499,3,3,1.03495998534276,10,3.33333333333333
"asl-rhin-CB2-20_0001_tracings.csv",4,"C","B",2,10000,"4",-2.26120560433095,21.9761599662924,9.2535787455614,231.339468639035,5,4,1.05555550621665,20,4
"asl-rhin-CB2-20_0002_tracings.csv",4,"C","B",2,10000,"1",2.65546891279306,28.0315750005848,9.46651309118467,75.7321047294774,1,1,1.07796927005386,7,7
"asl-rhin-CB2-20_0002_tracings.csv",4,"C","B",2,10000,"8",-13.1461393650208,31.1941583863333,8.09165441683999,56.6415809178799,5,5,1.04375797287956,4,1.33333333333333
"asl-rhin-CB2-20_0002_tracings.csv",4,"C","B",2,10000,"9",-6.4999993493372,29.4164286875408,10.0692492429309,30.2077477287928,3,3,1.04012828056631,2,2
"asl-rhin-CB2-20_0002_tracings.csv",4,"C","B",2,10000,"10",-10.2375175551599,18.9404473250515,10.4460478876411,146.244670426976,2,2,1.08255040336803,12,6
"asl-rhin-CB2-20_0002_tracings.csv",4,"C","B",2,10000,"11",-3.89704347695225,19.4957982241614,10.0853956396536,181.537121513765,6,5,1.03887005391371,12,2
"asl-rhin-CB2-20_0002_tracings.csv",4,"C","B",2,10000,"2",-0.627706056462546,21.8725853342849,12.0334908983562,264.736799763836,3,3,1.04534905129496,20,10
"asl-rhin-CB2-20_0002_tracings.csv",4,"C","B",2,10000,"5",-1.30975823114186,15.0630134559608,12.3027530130901,147.633036157082,2,2,1.01765807047419,10,5
"asl-rhin-CB2-20_0002_tracings.csv",4,"C","B",2,10000,"4",1.253298810562,26.1758313347703,11.5952694179816,266.691196613576,4,4,1.06237874185059,19,4.75
"asl-rhin-CB2-20_0002_tracings.csv",4,"C","B",2,10000,"3",-3.68305052690201,21.3226862285335,9.66287822757118,280.223468599565,6,6,1.02317341698162,26,8.66666666666667
"asl-rhin-CB2-20_0003_tracings.csv",4,"C","B",2,10000,"2",-3.35073570610716,19.109090300674,11.4576140007907,206.237052014233,5,5,1.03391558947559,14,3.5
"asl-rhin-CB2-20_0003_tracings.csv",4,"C","B",2,10000,"4",-4.92556755173041,15.631096633175,15.3100478542504,168.410526396754,2,2,1.02405079748531,9,4.5
"asl-rhin-CB2-20_0003_tracings.csv",4,"C","B",2,10000,"7",-2.60497400072295,14.5164297366031,10.3913882246854,228.610540943078,5,5,1.03129448468404,17,3.4
"asl-rhin-CB2-20_0003_tracings.csv",4,"C","B",2,10000,"5",5.58163822598513,19.8598545107432,12.5007759303563,387.524053841044,6,5,1.05082270150763,25,4.16666666666667
"asl-rhin-CB2-20_0006_tracings.csv",4,"C","B",2,10000,"2",-6.49943059295539,23.752842361968,10.4708717545758,240.830050355244,9,6,1.05443060229538,18,3.6
"asl-rhin-CB2-20_0006_tracings.csv",4,"C","B",2,10000,"6",6.73355363637055,22.0412971064581,10.3550826605539,176.036405229417,12,7,1.03762759716224,11,1.83333333333333
"asl-rhin-CB2-20_0006_tracings.csv",4,"C","B",2,10000,"7",-1.92707084619378,16.1753018442958,11.1577490150295,256.628227345679,5,5,1.02857970629679,18,3.6
"asl-rhin-CB2-20_0006_tracings.csv",4,"C","B",2,10000,"5",1.9766550517831,20.1186114879828,10.0027784753619,280.077797310133,8,8,1.05476230328629,22,3.66666666666667
"asl-rhin-CB2-20_0006_tracings.csv",4,"C","B",2,10000,"4",-1.66694962925083,23.2528276202751,11.3862813795855,967.833917264768,14,11,1.04887312290574,74,6.72727272727273
"asl-rhin-CB2-20_0008_tracings.csv",4,"C","B",2,10000,"3",0.720994197885761,21.9276738841168,10.8262151623086,378.917530680799,13,5,1.03486657606476,25,2.5
"asl-rhin-CB2-20_0008_tracings.csv",4,"C","B",2,10000,"2",-3.62314899182771,17.0361806538442,10.1927780048038,265.012228124897,7,7,1.02979465879993,20,3.33333333333333
"asl-rhin-CB2-20_0008_tracings.csv",4,"C","B",2,10000,"5",0.103368830907642,29.8339595111665,13.6192587205203,136.192587205203,2,2,1.05710750977517,8,4
"asl-rhin-CB2-20_0008_tracings.csv",4,"C","B",2,10000,"12",-6.11287357891605,27.5538169621896,10.7675468527927,161.51320279189,6,6,1.03215976119202,12,4
"asl-rhin-CB2-20_0009_tracings.csv",4,"C","B",2,10000,"4",1.19139164745556,19.6813468887118,11.4336634991339,548.815847958428,14,11,1.02470377680128,36,3
"asl-rhin-CB2-20_0009_tracings.csv",4,"C","B",2,10000,"6",-8.97199568369054,19.3005858630956,8.8592792620309,141.748468192494,10,8,1.03488045224109,10,1.66666666666667
"asl-rhin-CB2-20_0009_tracings.csv",4,"C","B",2,10000,"5",-6.28334919746414,18.375049600708,10.6593246732072,309.120415523009,12,10,1.03086135384061,22,3.14285714285714
"asl-rhin-CB2-20_0009_tracings.csv",4,"C","B",2,10000,"1",2.80408164136387,23.8515972799073,11.0548735742008,287.42671292922,7,4,1.04442082726718,20,3.33333333333333
"asl-rhin-CB2-20_0009_tracings.csv",4,"C","B",2,10000,"16",4.80876382622582,21.3332468905594,10.5746009221216,105.746009221216,3,2,1.03037288077689,8,4
"asl-rhin-CB2-20_0009_tracings.csv",4,"C","B",2,10000,"15",-1.92352836929407,18.8320634600134,13.6758041450379,150.433845595416,2,2,1.0494560406464,9,4.5
"asl-rhin-CB2-20_0009_tracings.csv",4,"C","B",2,10000,"13",6.04790178562657,24.9954466969929,7.96659584425598,79.6659584425598,2,2,1.05688941986061,8,4
"asl-rhin-CB2-20_0010_tracings.csv",4,"C","B",2,10000,"4",3.00595427489413,23.5930501708922,10.8565859219402,455.976608721489,9,7,1.06925270921199,35,5
"asl-rhin-CB2-20_0010_tracings.csv",4,"C","B",2,10000,"7",0.6414630829477,24.8629803087463,11.2242681269315,258.158166919423,8,7,1.04695432576479,17,2.83333333333333
"asl-rhin-CB2-20_0010_tracings.csv",4,"C","B",2,10000,"8",-2.84515544777424,17.7620880098957,12.8226239705013,166.694111616517,5,5,1.03583172182388,10,3.33333333333333
"asl-rhin-CB2-20_0010_tracings.csv",4,"C","B",2,10000,"11",-0.0213760496651775,14.3222077474518,9.17496444027086,229.374111006772,7,5,1.02228078558522,18,2.57142857142857
"asl-rhin-CB2-20_0010_tracings.csv",4,"C","B",2,10000,"5",4.57431575028905,18.9206997639614,10.1647306732736,101.647306732736,3,3,1.05760902559367,7,2.33333333333333
"asl-rhin-CB2-20_0010_tracings.csv",4,"C","B",2,10000,"2",10.0382300257663,13.753519131195,23.5240163281178,70.5720489843534,1,1,1.02946757245836,2,2
"asl-rhin-CB2-20_0011_tracings.csv",4,"C","B",2,10000,"1",7.5321763690541,22.0250175487549,9.9913072527077,109.904379779785,3,3,1.05310670495062,8,2.66666666666667
"asl-rhin-CB2-20_0011_tracings.csv",4,"C","B",2,10000,"8",-0.355472468043643,18.8264395796918,12.1068530634331,738.518036869417,9,5,1.05114983429744,52,5.77777777777778
"asl-rhin-CB2-20_0011_tracings.csv",4,"C","B",2,10000,"10",0.11233047388197,20.7132842531334,11.7398971357659,457.855988294869,7,5,1.0510193286959,33,5.5
"asl-rhin-CB2-20_0011_tracings.csv",4,"C","B",2,10000,"13",-4.08656573587974,9.97394426765494,15.8533183506897,95.1199101041381,3,3,1.02001750414611,5,5
"asl-rhin-CB2-20_0011_tracings.csv",4,"C","B",2,10000,"15",-5.19442890773482,5.19442890773482,6.3695353288842,12.7390706577684,2,2,1.02414932397556,1,1
"asl-rhin-CB2-20_0011_tracings.csv",4,"C","B",2,10000,"18",-4.10933523724404,15.8875744161522,10.2665693173046,61.5994159038275,5,5,1.0133364798774,4,2
"asl-rhin-CB2-20_0011_tracings.csv",4,"C","B",2,10000,"6",2.63057857760399,23.6693428816806,12.1826353531898,231.470071710607,2,1,1.07058174946459,17,8.5
"asl-rhin-CB2-20_0011_tracings.csv",4,"C","B",2,10000,"7",-3.707291543296,18.9539703772095,14.659579783651,102.617058485557,2,1,1.04023283139692,6,6
"asl-rhin-CB2-20_0011_tracings.csv",4,"C","B",2,10000,"9",-9.78259988924633,19.8393180925401,9.18033793834039,45.9016896917019,3,3,1.03497832918341,4,4
"asl-rhin-CB2-20_0011_tracings.csv",4,"C","B",2,10000,"11",1.97479227655565,22.5147221656698,9.72179478616648,97.2179478616648,2,1,1.08172932969786,8,4
"asl-rhin-CB2-20_0011_tracings.csv",4,"C","B",2,10000,"12",-12.7359003690872,26.8500414775628,10.0381954196039,110.420149615643,7,7,1.05695170075985,7,1.75
"asl-rhin-CB2-20_0011_tracings.csv",4,"C","B",2,10000,"4",-14.0362434679265,14.0362434679265,7.06367178778306,14.1273435755661,3,3,1.01002789099815,1,1
"asl-rhin-CB2-20_0011_tracings.csv",4,"C","B",2,10000,"3",0.137968965777719,20.8554744986057,9.55012696111457,276.953681872322,4,1,1.05146745828775,26,8.66666666666667
"asl-rhin-CB2-20_0011_tracings.csv",4,"C","B",2,10000,"5",-3.18942844920887,22.1852517633342,12.2058747693908,231.911620618424,2,1,1.08526304348898,17,8.5
"asl-rhin-CB2-20_0011_tracings.csv",4,"C","B",2,10000,"2",-16.7440493635315,27.6094736901804,12.5376725324286,87.7637077270001,3,2,1.03789182053602,5,2.5
"asl-rhin-CB2-40_0001_tracings.csv",4,"C","B",2,10000,"2",1.25026624673778,19.0929954630328,6.5796374203807,407.937520063603,5,5,1.0473958165751,57,11.4
"asl-rhin-CB2-40_0001_tracings.csv",4,"C","B",2,10000,"3",-2.97222786142469,18.3260620618847,4.64869645850494,65.0817504190691,4,4,1.03285837424622,11,3.66666666666667
"asl-rhin-CB2-40_0001_tracings.csv",4,"C","B",2,10000,"1",-1.61384175476908,22.3884952531089,6.41321750018436,147.504002504241,3,3,1.03515635576236,21,10.5
"asl-rhin-CB2-40_0002_tracings.csv",4,"C","B",2,10000,"1",-2.66009119275626,28.1117179733331,6.53829914091925,176.53407680482,3,2,1.11450213559756,24,8
"asl-rhin-CB2-40_0002_tracings.csv",4,"C","B",2,10000,"3",-6.85147743930032,18.6405239326783,4.6522764251343,51.1750406764772,3,3,1.09916403082034,8,2.66666666666667
"asl-rhin-CB2-40_0002_tracings.csv",4,"C","B",2,10000,"2",-1.77332536142083,18.5035726001864,8.9613024202674,98.5743266229414,1,1,1.0505227968583,10,10
"asl-rhin-CB2-40_0003_tracings.csv",4,"C","B",2,10000,"2",-0.0203828936822538,18.7834249923231,5.93498165094089,148.374541273523,4,4,1.02661675999225,22,7.33333333333333
"asl-rhin-CB2-40_0003_tracings.csv",4,"C","B",2,10000,"1",-1.63122009967204,19.0742271954775,5.83601227160483,268.456564493822,8,4,1.04413671198093,38,4.75
"asl-rhin-CB2-40_0003_tracings.csv",4,"C","B",2,10000,"3",-9.69148254819064,21.9092355355058,6.25892028306956,256.615731605851,7,6,1.09687814926485,35,5.83333333333333
"asl-rhin-CB2-40_0003_tracings.csv",4,"C","B",2,10000,"4",-6.69117803068734,23.1144604909886,6.46367998992401,122.809919808556,2,2,1.1103935610523,17,8.5
"asl-rhin-CB2-40_0003_tracings.csv",4,"C","B",2,10000,"5",9.21747441146102,15.9836492340141,5.90637175970356,17.7191152791107,1,1,1.01850846212774,2,2
"asl-rhin-CB2-40_0004_tracings.csv",4,"C","B",2,10000,"1",1.77860080700979,21.2359971013729,6.59809675077517,145.158128517054,2,2,1.04226526719348,20,10
"asl-rhin-CB2-40_0004_tracings.csv",4,"C","B",2,10000,"3",-3.87663446748859,24.1943584733957,4.98302458482605,174.405860468912,4,4,1.12123373503916,31,7.75
"asl-rhin-CB2-40_0004_tracings.csv",4,"C","B",2,10000,"2",4.74606127960737,20.4542826690299,5.97191880841743,101.522619743096,2,2,1.0690228431863,15,7.5
"asl-rhin-CB2-40_0005_tracings.csv",4,"C","B",2,10000,"1",-5.07245729849674,20.1329993450335,6.23904554530375,324.430368355795,11,9,1.05701246883519,42,4.2
"asl-rhin-CB2-40_0005_tracings.csv",4,"C","B",2,10000,"2",1.94265637341435,21.7991763915536,6.25543309271806,581.75527762278,11,7,1.08219009445461,83,8.3
"asl-rhin-CB2-40_0006_tracings.csv",4,"C","B",2,10000,"1",-0.557470373863976,21.3936689829829,6.93745790153798,319.123063470747,4,4,1.05495614974969,42,10.5
"asl-rhin-CB2-40_0006_tracings.csv",4,"C","B",2,10000,"3",-1.40532056456911,14.3445313477379,6.48400683810601,162.10017095265,5,5,1.02948626846453,20,4
"asl-rhin-CB2-40_0006_tracings.csv",4,"C","B",2,10000,"2",0.751942624019906,24.2556042302246,6.60667825338173,330.333912669086,4,3,1.12531152953983,46,11.5
"asl-rhin-CB2-40_0007_tracings.csv",4,"C","B",2,10000,"2",-0.621894215733883,21.221392850572,7.21005828738624,245.141981771133,4,4,1.04408548757848,32,16
"asl-rhin-CB2-40_0008_tracings.csv",4,"C","B",2,10000,"1",-0.350631335221972,20.7248526877677,6.00383871385472,432.27638739754,5,2,1.05148861054198,67,13.4
"asl-rhin-CB2-40_0008_tracings.csv",4,"C","B",2,10000,"3",-3.53578028046144,19.2807230909058,5.95843758519583,83.4181261927416,4,4,1.03335150371819,10,2.5
"asl-rhin-CB2-40_0009_tracings.csv",4,"C","B",2,10000,"1",0.621870914016938,21.1624538904861,6.68490051697093,688.544753248006,6,3,1.07242157549661,98,19.6
"asl-rhin-CB2-40_0010_tracings.csv",4,"C","B",2,10000,"3",-1.97551414979252,22.2677391299054,6.1646969771845,240.423182110195,4,3,1.04417480957795,35,8.75
"asl-rhin-CB2-40_0010_tracings.csv",4,"C","B",2,10000,"4",2.41351634033237,21.8030994160976,5.61206549018593,224.482619607437,7,5,1.05822607038509,34,5.66666666666667
"asl-rhin-CB2-40_0010_tracings.csv",4,"C","B",2,10000,"2",1.29371844697699,20.4545961199827,5.95167933021617,386.859156464051,7,5,1.06378908179987,58,8.28571428571429
"asl-rhin-CB2-40_0011_tracings.csv",4,"C","B",2,10000,"1",-0.812166317246609,27.2659956747076,7.11296549545203,312.97048179989,6,3,1.11725894927248,38,6.33333333333333
"asl-rhin-CB2-40_0011_tracings.csv",4,"C","B",2,10000,"2",1.60011791611989,16.6717921747655,6.86912126864895,391.53991231299,5,5,1.03501146582071,52,10.4
"asl-rhin-CB2-40_0012_tracings.csv",4,"C","B",2,10000,"1",-2.89381254447498,21.0530139104712,6.63875203912187,312.021345838729,4,3,1.06760176021595,43,10.75
"asl-rhin-CB2-40_0012_tracings.csv",4,"C","B",2,10000,"2",0.039912746107351,23.9238569569731,5.03681338254138,191.398908536573,8,7,1.03527808497491,31,4.42857142857143
"asl-rhin-CB2-40_0012_tracings.csv",4,"C","B",2,10000,"4",-3.24500271342741,22.7315183499283,5.53189177206083,105.105943669156,2,2,1.0554208352037,17,8.5
"asl-rhin-CB2-40_0012_tracings.csv",4,"C","B",2,10000,"3",15.1210424284789,20.6567921678379,6.10040832140004,30.5020416070002,1,1,1.08515781627728,4,4
"asl-rhin-CB2-40_0013_tracings.csv",4,"C","B",2,10000,"1",-6.56723592679945,22.16476260191,6.75400444231872,330.946217673618,7,5,1.12611380544289,42,6
"asl-rhin-CB2-40_0013_tracings.csv",4,"C","B",2,10000,"2",-1.55316217920388,27.0845310147738,6.24298494477265,237.23342790136,7,6,1.06103864680635,31,4.42857142857143
"asl-rhin-CD2-20_0001_tracings.csv",4,"C","D",2,10000,"3",2.22161676091666,28.1979831840357,9.27301876616353,389.466788178868,8,6,1.07747428839203,35,5
"asl-rhin-CD2-20_0001_tracings.csv",4,"C","D",2,10000,"4",5.22826756229891,21.3580799634551,12.3906195180956,198.249912289529,4,3,1.05720260355601,12,3
"asl-rhin-CD2-20_0002_tracings.csv",4,"C","D",2,10000,"1",-4.88875688649161,21.2334362794775,9.35638936547257,467.819468273629,15,9,1.05202371108767,37,2.84615384615385
"asl-rhin-CD2-20_0002_tracings.csv",4,"C","D",2,10000,"2",0.313211727841531,26.1979889335752,10.7891376179349,701.293945165771,7,6,1.2116030372225,58,8.28571428571429
"asl-rhin-CD2-20_0004_tracings.csv",4,"C","D",2,10000,"1",-3.00739191055258,17.3436387219814,9.47682741758093,199.013375769199,6,6,1.02345009968721,15,2.5
"asl-rhin-CD2-20_0004_tracings.csv",4,"C","D",2,10000,"2",-4.04447839468383,20.5335495373958,10.1178002194265,263.062805705089,5,4,1.04330080344152,21,4.2
"asl-rhin-CD2-20_0006_tracings.csv",4,"C","D",2,10000,"2",0.369724839937078,21.0797414704219,9.91420460411857,366.825570352387,6,4,1.04340632090522,32,6.4
"asl-rhin-CD2-20_0006_tracings.csv",4,"C","D",2,10000,"1",3.49099581285703,20.9135638505857,9.38688561957051,159.577055532699,4,3,1.08461186315505,14,4.66666666666667
"asl-rhin-CD2-20_0006_tracings.csv",4,"C","D",2,10000,"3",-20.2143083700548,20.2143083700548,10.792960052737,21.5859201054739,1,1,1.04699691532663,1,1
"asl-rhin-CD2-20_0006_tracings.csv",4,"C","D",2,10000,"4",0.864245310327241,18.7453453073074,12.2222700662314,195.556321059703,4,1,1.03258538954476,13,4.33333333333333
"asl-rhin-CD2-20_0006_tracings.csv",4,"C","D",2,10000,"5",-5.07746984659314,26.3238881117501,11.1478283656752,222.956567313503,5,3,1.04917081350798,18,9
"asl-rhin-CD2-20_0006_tracings.csv",4,"C","D",2,10000,"8",-6.57075190821384,17.9594048213657,8.87682240008845,186.413270401858,13,12,1.0208322344918,12,1.33333333333333
"asl-rhin-CD2-20_0006_tracings.csv",4,"C","D",2,10000,"7",7.26055649614002,34.0612445049372,9.96489313610572,209.26275585822,7,4,1.09673301817512,16,3.2
"asl-rhin-CD2-20_0006_tracings.csv",4,"C","D",2,10000,"6",12.5916249969242,24.9431841469544,9.27295884335907,27.8188765300772,1,1,1.06189726275543,2,2
"asl-rhin-CD2-20_0009_tracings.csv",4,"C","D",2,10000,"2",4.59225067553875,27.6886725442234,10.7040133033777,203.376252764177,6,4,1.06840130985814,15,3.75
"asl-rhin-CD2-20_0009_tracings.csv",4,"C","D",2,10000,"6",-1.92351119379441,19.2151868790496,10.5654617265489,359.225698702661,6,4,1.04157711300175,29,5.8
"asl-rhin-CD2-20_0009_tracings.csv",4,"C","D",2,10000,"7",-7.80205179958783,21.0833165957112,9.24647964982437,249.654950545258,7,7,1.04884143285833,20,2.85714285714286
"asl-rhin-CD2-20_0009_tracings.csv",4,"C","D",2,10000,"3",-4.36984108549801,19.2579504668646,9.99014687028966,259.743818627531,8,5,1.02860564151576,20,3.33333333333333
"asl-rhin-CD2-20_0009_tracings.csv",4,"C","D",2,10000,"4",-2.21261169859312,18.2462643438974,9.58117500383615,210.785850084395,12,10,1.02446951574416,15,2.14285714285714
"asl-rhin-CD2-20_0011_tracings.csv",4,"C","D",2,10000,"5",1.57830731871953,20.2217395374468,13.3848031322987,575.546534688846,3,2,1.05191632434709,40,13.3333333333333
"asl-rhin-CD2-20_0011_tracings.csv",4,"C","D",2,10000,"3",7.13254442255732,32.238222897182,8.07715186462202,48.462911187732,4,4,1.04496836396015,4,2
"asl-rhin-CD2-20_0011_tracings.csv",4,"C","D",2,10000,"9",-0.858408659181818,19.9558296096323,12.2407488440171,477.389204916668,7,7,1.03510021514059,33,5.5
"asl-rhin-CD2-20_0011_tracings.csv",4,"C","D",2,10000,"6",0.159268240921416,26.9950809099111,10.8069975759615,172.911961215384,5,5,1.04484596007386,12,3
"asl-rhin-CD2-20_0011_tracings.csv",4,"C","D",2,10000,"7",3.87792303690254,21.2945841536473,9.5790440446138,258.634189204573,7,6,1.03403139500838,21,3.5
"asl-rhin-CD2-20_0011_tracings.csv",4,"C","D",2,10000,"8",-7.25369296064233,31.6071545770019,9.53372945350431,171.607130163077,5,1,1.07034223275436,15,5
"asl-rhin-CD2-20_0011_tracings.csv",4,"C","D",2,10000,"2",-13.6838394011098,30.2202661007257,8.52580595528568,76.7322535975711,2,2,1.07985790273419,7,3.5
"asl-rhin-CD2-20_0013_tracings.csv",4,"C","D",2,10000,"6",0.934026071860208,11.3823887694466,15.9447285649399,95.6683713896394,1,1,1.00575266660379,5,5
"asl-rhin-CD2-20_0013_tracings.csv",4,"C","D",2,10000,"9",26.9734717943076,32.1568986819582,9.45154550498097,37.8061820199239,3,2,1.05418500672817,3,3
"asl-rhin-CD2-20_0013_tracings.csv",4,"C","D",2,10000,"7",18.9605834293796,18.9605834293796,6.9793957095399,13.9587914190798,1,1,1.05372720202486,1,1
"asl-rhin-CD2-20_0013_tracings.csv",4,"C","D",2,10000,"8",-9.54450074247945,17.5763461226436,10.7411643320142,64.4469859920852,1,1,1.06355583818126,5,5
"asl-rhin-CD2-20_0013_tracings.csv",4,"C","D",2,10000,"4",1.01961867254186,23.7781708061774,10.2890832920706,154.336249381058,3,3,1.04539359619722,13,6.5
"asl-rhin-CD2-20_0013_tracings.csv",4,"C","D",2,10000,"2",-3.5625081744509,14.0421251622131,9.48684118680341,28.4605235604102,1,1,1.02005442073728,2,2
"asl-rhin-CD2-20_0013_tracings.csv",4,"C","D",2,10000,"5",1.76353919781075,16.5556449235015,11.5409267653565,92.3274141228519,3,3,1.02015333322709,5,1.66666666666667
"asl-rhin-CD2-20_0013_tracings.csv",4,"C","D",2,10000,"3",10.7807115286406,24.3067325406028,10.3200069461795,103.200069461795,5,5,1.04179510021517,7,2.33333333333333
"asl-rhin-CD2-20_0013_tracings.csv",4,"C","D",2,10000,"10",2.81627158543116,17.8293674532743,10.147310933505,152.209664002575,1,1,1.06334980453339,14,14
"asl-rhin-CD2-40_0001_tracings.csv",4,"C","D",2,10000,"2",-1.26224142268199,21.435649985381,6.29596086332139,692.555694965353,11,8,1.04584219309701,99,9
"asl-rhin-CD2-40_0001_tracings.csv",4,"C","D",2,10000,"4",-4.19161006622099,17.5195322863556,6.89891580755692,296.653379724947,6,2,1.11354451264156,38,7.6
"asl-rhin-CD2-40_0001_tracings.csv",4,"C","D",2,10000,"3",1.35867064361934,15.4468489789894,4.88079531611832,68.3311344256565,4,4,1.02053629992592,10,2.5
"asl-rhin-CD2-40_0001_tracings.csv",4,"C","D",2,10000,"1",5.08464508317682,20.1356834916574,6.94631330170765,159.765205939276,3,3,1.07168596242752,20,6.66666666666667
"asl-rhin-CD2-40_0001_tracings.csv",4,"C","D",2,10000,"6",0.174956482261987,24.8463535608244,6.23152482344878,230.566418467605,3,2,1.15231760453298,34,11.3333333333333
"asl-rhin-CD2-40_0001_tracings.csv",4,"C","D",2,10000,"5",0.646793476278754,22.0851580537114,5.28241437225305,105.648287445061,4,3,1.03869496170469,16,4
"asl-rhin-CD2-40_0003_tracings.csv",4,"C","D",2,10000,"3",-0.254016513415115,21.8060387528902,5.95684146654125,458.676792923676,9,9,1.04127843577524,68,7.55555555555556
"asl-rhin-CD2-40_0004_tracings.csv",4,"C","D",2,10000,"1",-0.571439650458801,18.8825098515885,6.26106351896717,475.840827441505,11,8,1.02856225663653,65,5.90909090909091
"asl-rhin-CD2-40_0006_tracings.csv",4,"C","D",2,10000,"5",-3.71452403940572,18.886918837565,5.91081929155699,372.381615368091,11,9,1.03886425163915,52,4.72727272727273
"asl-rhin-CD2-40_0007_tracings.csv",4,"C","D",2,10000,"2",-2.89761180984287,18.4604847218453,5.90535572983872,289.362430762097,7,5,1.05225137618572,42,6
"asl-rhin-CD2-40_0007_tracings.csv",4,"C","D",2,10000,"3",-3.62595751508117,21.7037313608013,6.36877908029386,267.488721372342,4,1,1.08094719947828,38,9.5
"asl-rhin-CD2-40_0007_tracings.csv",4,"C","D",2,10000,"4",-2.31022095875068,18.3535438245413,5.92368894266792,254.718624534721,5,4,1.04120913090514,38,7.6
"asl-rhin-CD2-40_0007_tracings.csv",4,"C","D",2,10000,"5",1.75236409553572,18.198527707662,6.10649877724086,293.111941307561,11,5,1.05743724468561,38,3.8
"asl-rhin-CD2-40_0008_tracings.csv",4,"C","D",2,10000,"1",1.79657879251253,21.8495565187229,6.27721956553941,746.98912829919,12,6,1.0933334523796,107,8.91666666666667
"asl-rhin-CD2-40_0008_tracings.csv",4,"C","D",2,10000,"2",-0.34142042220398,25.7618139105407,5.62794734612333,242.001735883303,6,6,1.07017114686225,37,6.16666666666667
